property,sin,cos,v,w,diff_x,diff_y,diff_yaw,tau_y,tau_z
mu,0.006499034222141044,0.0026976214814860506,2.0131519431794587,0.11621861125797683,-8.768095324886117e-07,-3.946576501772412e-09,0.00023243284029307874,-195.4960088410193,0.30486386025941475
sigma,0.7032690534856938,0.7108896705933653,1.81594394428865,6.006214506905126,0.0038460238720720986,0.0038221043051666105,0.012012191968731442,511.0438420822849,758.3595665184223
min,-0.9999999999994899,-0.99999999998601,-2.5000000000000577,-10.000000000000009,-0.009999899613112706,-0.009999967614912508,-0.020000000000000462,-1000.0,-1000.0
max,0.9999999999999994,1.0,5.000000000000055,10.000000000000009,0.009999967398152482,0.009999922674510553,0.020000000000000462,1000.0,1000.0
""
type_scaling,1
num_inputs,7
num_outputs,2
