property,sin,cos,diff_x,diff_y,diff_yaw,w_y,w_z
mu,-0.003695617149942138,0.031008920771798763,4.757475961276805e-05,-8.630471964988798e-06,1.1122376290059871e-05,5.003158381921931,0.011122376290059667
sigma,0.7108606478388817,0.7026399701328703,0.002109920093424126,0.0021324232179226084,0.05198018389651145,8.659281296673578,51.98018389651145
min,-0.9999999999935799,-0.9999999999807698,-0.005998262551599964,-0.005998572025024629,-0.08999991211866765,-9.999995329602005,-89.99991211866755
max,0.9999999999712463,1.0,0.005998698790534718,0.005999584454317031,0.08999996173290192,19.99990236521501,89.99996173290182
""
type_scaling,1
