property,yaw,v,w,diff_x,diff_y,diff_yaw,tau_y,tau_z
mu,0.0011108753675367266,1.4982388914049016,-0.024824585688996398,6.954263888394301e-07,3.082486438752254e-06,-1.3164677524924988e-05,-33.11968186271771,0.01166314560318233
sigma,1.8150386408927366,2.598956355390121,51.951412570629145,0.006930964429239754,0.00693170179405196,0.10383688540734268,94.35376324864122,99.9997108937445
min,-3.1415883590329234,-2.9999946608370722,-89.99989890458046,-0.011999990832601478,-0.011999996958755688,-0.17999968507024044,-100.0,-100.0
max,3.1415890860880866,5.999985750802367,89.9998459789532,0.011999966685312096,0.011999995363978513,0.17999999060289767,100.0,100.0
""
type_scaling,1
