property,sin,cos,v,w,diff_x,diff_y,diff_yaw,tau_y,tau_z
mu,0.0004572571040057716,-3.5644663078359853e-06,3.6469409422200174,7.0244216419195835,-1.0459349391088014e-06,3.8117774308926033e-07,0.14048853194503264,-23.470546138064517,-23.59199154567293
sigma,0.7073923526482369,0.7068216538284736,1.2007094049251474,2.683432664200221,0.0541251442489501,0.05429796378462686,0.053286580757294554,96.57529878201176,96.31460077450025
min,-0.9999999999866416,-0.9999999999922929,-2.5000000000000098,-5.000000000000004,-0.09998910904167402,-0.0999938234375905,-0.10000000000000053,-100.0,-100.0
max,0.9999999999975434,1.0,5.000000000000012,10.000000000000009,0.09999970942575462,0.0999989701138502,0.20000000000000107,100.0,100.0
""
type_scaling,1
num_inputs,7
num_outputs,2
